id,name,email,country
1,John Doe,john.doe@email.com,USA
2,Jane Smith,jane.smith@email.com,Canada
3,Kenji Tanaka,kenji.t@email.com,Japan
4,Maria Garcia,maria.g@email.com,Mexico
5,Peter Jones,peter.j@email.com,UK
6,Sven Svensson,sven.s@email.com,Sweden
7,Li Wei,li.wei@email.com,China
8,David Miller,david.m@email.com,USA
9,Emily White,emily.w@email.com,Canada
10,Haruto Sato,haruto.s@email.com,Japan
11,Ana Rodriguez,ana.r@email.com,Mexico
12,Oliver Brown,oliver.b@email.com,UK
13,Erik Gustafsson,erik.g@email.com,Sweden
14,Chen Lin,chen.lin@email.com,China
15,Michael Williams,michael.w@email.com,USA
16,Sophia Johnson,sophia.j@email.com,Germany
17,Lucas Dubois,lucas.d@email.com,France
18,Isabella Rossi,isabella.r@email.com,Italy
19,Liam O'Brien,liam.o@email.com,Ireland
20,Chloe Kim,chloe.k@email.com,South Korea
21,Mateo Hernandez,mateo.h@email.com,Spain
22,Ava Schmidt,ava.s@email.com,Germany
23,Noah Tremblay,noah.t@email.com,France
24,Mia Moretti,mia.m@email.com,Italy
25,James Murphy,james.m@email.com,Ireland
26,Evelyn Park,evelyn.p@email.com,South Korea
27,Logan Gomez,logan.g@email.com,Spain
28,Sophie Mueller,sophie.m@email.com,Germany
29,Gabriel Martin,gabriel.m@email.com,France
30,Giulia Colombo,giulia.c@email.com,Italy
31,Finn Kelly,finn.k@email.com,Ireland
32,Yuna Lee,yuna.l@email.com,South Korea
33,Daniel Romero,daniel.r@email.com,Spain
34,Emma Fischer,emma.f@email.com,Germany
35,Louis Bernard,louis.b@email.com,France
36,Marco Romano,marco.r@email.com,Italy
37,Aoife Walsh,aoife.w@email.com,Ireland
38,Ji-hoon Choi,jihoon.c@email.com,South Korea
39,Sofia Navarro,sofia.n@email.com,Spain
40,Paul Wagner,paul.w@email.com,Germany
41,Juliette Petit,juliette.p@email.com,France
42,Alessandro Ricci,alessandro.r@email.com,Italy
43,Conor Byrne,conor.b@email.com,Ireland
44,Min-jun Kim,minjun.k@email.com,South Korea
45,Hugo Alonso,hugo.a@email.com,Spain
46,Robert Smith,robert.s@email.com,USA
47,Olivia Taylor,olivia.t@email.com,Canada
48,Yuki Yamamoto,yuki.y@email.com,Japan
49,Carlos Lopez,carlos.l@email.com,Mexico
50,Charlotte Wilson,charlotte.w@email.com,UK
51,Aiden Johansson,aiden.j@email.com,Sweden
52,Zhang Min,zhang.min@email.com,China
53,William Brown,william.b@email.com,USA
54,Amelia Martin,amelia.m@email.com,Canada
55,Rin Suzuki,rin.s@email.com,Japan
56,Fernanda Gonzalez,fernanda.g@email.com,Mexico
57,George Evans,george.e@email.com,UK
58,Oskar Nilsson,oskar.n@email.com,Sweden
59,Wang Fang,wang.fang@email.com,China
60,James Johnson,james.j@email.com,USA
61,Laura Becker,laura.b@email.com,Germany
62,Arthur Lefevre,arthur.l@email.com,France
63,Chiara Gallo,chiara.g@email.com,Italy
64,Sean Ryan,sean.r@email.com,Ireland
65,Seo-yeon Jang,seoyeon.j@email.com,South Korea
66,Pablo Diaz,pablo.d@email.com,Spain
67,Hanna Weber,hanna.w@email.com,Germany
68,Manon Moreau,manon.m@email.com,France
69,Francesco Greco,francesco.g@email.com,Italy
70,Ciara O'Connor,ciara.o@email.com,Ireland
71,Do-hyun Kang,dohyun.k@email.com,South Korea
72,Lucia Sanchez,lucia.s@email.com,Spain
73,Felix Hoffmann,felix.h@email.com,Germany
74,Camille Laurent,camille.l@email.com,France
75,Sofia Ferrari,sofia.f@email.com,Italy
76,Patrick Doyle,patrick.d@email.com,Ireland
77,Ha-yoon Jeong,hayoon.j@email.com,South Korea
78,Javier Ruiz,javier.r@email.com,Spain
79,Christopher Davis,chris.d@email.com,USA
80,Ella Gagnon,ella.g@email.com,Canada
81,Takumi Ito,takumi.i@email.com,Japan
82,Valentina Cruz,valentina.c@email.com,Mexico
83,Harry Thompson,harry.t@email.com,UK
84,Elsa Andersson,elsa.a@email.com,Sweden
85,Liu Yang,liu.yang@email.com,China
86,Daniel Anderson,daniel.a@email.com,USA
87,Grace Roy,grace.r@email.com,Canada
88,Sakura Kobayashi,sakura.k@email.com,Japan
89,Miguel Reyes,miguel.r@email.com,Mexico
90,Megan Roberts,megan.r@email.com,UK
91,Axel Berg,axel.b@email.com,Sweden
92,Zhao Jing,zhao.jing@email.com,China
93,Matthew Thomas,matthew.t@email.com,USA
94,Abigail Cote,abigail.c@email.com,Canada
95,Kaito Nakamura,kaito.n@email.com,Japan
96,Camila Flores,camila.f@email.com,Mexico
97,Jack Walker,jack.w@email.com,UK
98,Ida Lindberg,ida.l@email.com,Sweden
99,Sun Yue,sun.yue@email.com,China
100,Benjamin Martinez,benjamin.m@email.com,USA
